customer_city,customer_state,total_revenue
sao paulo,SP,1859556.830000038
rio de janeiro,RJ,955573.9699999936
belo horizonte,MG,346039.03999999916
brasilia,DF,295814.71999999986
curitiba,PR,205999.33000000045
campinas,SP,184657.8700000004
porto alegre,RS,182319.55000000042
salvador,BA,173273.05000000022
guarulhos,SP,139008.1900000004
niteroi,RJ,115890.26000000027
